filename, Notpesplanus, Pesplanus
157R_JPG.rf.00892c50c857f93abae0dc81111501a5.jpg, 0, 1
113L_JPG.rf.07429e84290a98327e4d3e7931dd9e32.jpg, 0, 1
182R_JPG.rf.0082d6079430c543fa5634ff711c22c1.jpg, 0, 1
75L-124-_JPG.rf.03fffe500e066208ab01d1a3f7be670a.jpg, 1, 0
74L-76-_JPG.rf.001d7ea878ff30c4e2737b26e29d28d4.jpg, 1, 0
75L-122-_JPG.rf.03b17462e08fdb83ca5331f8ccd21bba.jpg, 1, 0
141R_JPG.rf.06fb690639114a3301f9282eeec92dd8.jpg, 0, 1
74L-98-_JPG.rf.0414eb91d83b164658961805b3d5e848.jpg, 1, 0
74L-28-_JPG.rf.06d6165bce4c8da6cd3e727efa9afd09.jpg, 1, 0
74L-69-_JPG.rf.010804a9ffe72094e01c5fc5b014f2ef.jpg, 1, 1
74L-2-_JPG.rf.0122862246424d63e95eeb000584244a.jpg, 1, 0
75L-119-_JPG.rf.001b0361573d26b3fff296576a6fe2e5.jpg, 1, 0
99R_JPG.rf.027dd886df065b01fcbd2f00615014dc.jpg, 0, 1
25R_JPG.rf.078f2f255544da831d0b1a25a93c5286.jpg, 0, 1
74L-80-_JPG.rf.01f790e2f35cf141c1859b9ca22065bc.jpg, 1, 0
74L-27-_JPG.rf.069c68d46038d1e075dea80ba46d018b.jpg, 1, 0
74L-19-_JPG.rf.085e8d510e4f9b8f5c44b08cf7d5f546.jpg, 1, 0
74L-13-_JPG.rf.086157b3fc5f019f29c5770c3553ea82.jpg, 1, 0
61L_JPG.rf.02a3f9dcccb72394ca5da97bd01c4c78.jpg, 0, 1
75L-124-_JPG.rf.08adc0850bf4cebd1ac05e6992b59113.jpg, 1, 0
74L-127-_JPG.rf.0af0dd41e77725e96e18bb666d3a235f.jpg, 1, 0
74L-6-_JPG.rf.08b730e49b4264c48c043d75aa1a5029.jpg, 1, 0
155L_JPG.rf.0b904e78910c1e827601c3248c604183.jpg, 0, 1
187R_JPG.rf.0c424b7268b7e5b27fe06ea87cd2c753.jpg, 0, 1
169R_JPG.rf.0d405009e31ff558e1893a6e9366ce00.jpg, 0, 1
74L-32-_JPG.rf.0cae14f1f5956f5d581e18d77357b51f.jpg, 1, 0
128L_JPG.rf.0fe0bf44149b33a81c0ae2ec76735035.jpg, 0, 1
164L_JPG.rf.0e191dc4a2786ee5f1c3ced32a426a86.jpg, 0, 1
184R_JPG.rf.10f7333e3a485f1292c7e4b04408db00.jpg, 0, 1
35R_JPG.rf.10952390cb51de885c9639708e6c9989.jpg, 0, 1
74L-44-_JPG.rf.104fcda714d6ccf5b3207da0f413a202.jpg, 1, 0
74L-84-_JPG.rf.109e270649f2c71d35b881f9db2e745c.jpg, 1, 0
115L_JPG.rf.11517d21e8fde6f95419c64d5a94c9a1.jpg, 0, 1
168L_JPG.rf.0f747a1962ec8f981ee542b9bd85ba84.jpg, 0, 1
74L-27-_JPG.rf.11ddb304cbc7b13ff6ae62c8d3ff1095.jpg, 1, 0
51R_JPG.rf.133c9a157bd4d3a223d65875bb45d0be.jpg, 0, 1
55R_JPG.rf.15370fd94b4151c7e2478a64d6d173f1.jpg, 0, 1
74L-82-_JPG.rf.137dcd2ca999093efe696a53b8d60dc8.jpg, 1, 0
107R_JPG.rf.154bb5008f22afc7e011bc895ffd8edb.jpg, 0, 1
133R_JPG.rf.134c38d797afb430f6eb380fccaed839.jpg, 0, 1
11R_JPG.rf.12006d02c1cd09a2632588da3ba1f08e.jpg, 0, 1
74L-34-_JPG.rf.114ba3dbdb74dc445f3013b44f84ea63.jpg, 1, 0
74L-57-_JPG.rf.17bffba31431e9b06ad41cb1128e38ee.jpg, 1, 0
23L_JPG.rf.169fa8a32fe76c99d315867857e4c0c3.jpg, 0, 1
181R_JPG.rf.16b60e076b0e95baa1046cf5946e9e9e.jpg, 0, 1
48L_JPG.rf.17e0968edff9d569e2e6b2f87ade7693.jpg, 0, 1
74L-35-_JPG.rf.17e5500604c7e7a1d4c81a74b7215ae9.jpg, 1, 0
144R_JPG.rf.17fd3ad1cf93413e6436a1c0996e5299.jpg, 0, 1
74L-16-_JPG.rf.1843e40bac51a17cbb10923c426669cb.jpg, 1, 0
167L_JPG.rf.1beaaf99a2890f050812065ea5e5ad80.jpg, 0, 1
34R_JPG.rf.195d47ac15cf2c93c97829b771deebf6.jpg, 0, 1
74L-91-_JPG.rf.1bf441958e918e18603ac350411a45ec.jpg, 1, 0
105R_JPG.rf.1c4415e51a36f318b1ed7f79fb8150ee.jpg, 0, 1
74L-55-_JPG.rf.1c89bcf8da8a528c960e12812318c023.jpg, 1, 0
27L_JPG.rf.1cc15b8d56799cf13f5d91bb6d7b6f0d.jpg, 0, 1
151R_JPG.rf.1abb50a0f5b683d6ee876d609a5a6ad6.jpg, 0, 1
74L-75-_JPG.rf.1eaaf5fb6509924cb0b09c76ed67a012.jpg, 1, 0
74L-75-_JPG.rf.1c409baa76ea038de0aa78709607cf91.jpg, 1, 0
93R_JPG.rf.1cfffd3f006050ca08d5b1d64dc0e7bb.jpg, 0, 1
74L-73-_JPG.rf.1ebea854ac189067914a600eff62bdea.jpg, 1, 0
72L_JPG.rf.1d99b734862bd99b2ec2c1ddb26b9fb6.jpg, 0, 1
106L_JPG.rf.1f35bb1e82dff105a051b45a6f983e42.jpg, 0, 1
74L-125-_JPG.rf.1f15b39c5e6d316f0144055598207541.jpg, 1, 0
74L-131-_JPG.rf.20b5c6e9001139b5ec620cc825e17c3c.jpg, 1, 0
74L-9-_JPG.rf.212e5b08e30f7bf79c051ffc66d748b3.jpg, 1, 0
75L-121-_JPG.rf.2054b1dd600443bc3071fcfce8de44eb.jpg, 1, 0
75L-103-_JPG.rf.21123c7689e435ef3bbea615574a29e7.jpg, 1, 0
122R_JPG.rf.2156b95a6e3c1599cd9db88257a6a6cf.jpg, 0, 1
74L-135-_JPG.rf.20f53494999b0be82389fa18c49c55e8.jpg, 1, 0
52R_JPG.rf.213793703248cd233996c84bf2cfa8b6.jpg, 0, 1
74L-9-_JPG.rf.211f1752c9a80c214a850a77bccdb55f.jpg, 1, 0
75L-113-_JPG.rf.216c37471fc03f89bc63a176eab8c104.jpg, 1, 0
75L-113-_JPG.rf.213878b7dbfc6b7708f0d29c95059b1c.jpg, 1, 0
75L-111-_JPG.rf.21ae4c44a144907c47ceeb6af10ecb25.jpg, 1, 0
74L-86-_JPG.rf.21dfd2ad68702537bb147fc5ec0791ff.jpg, 1, 0
74L-33-_JPG.rf.220d99606a7bf1d3bfda16144ed25575.jpg, 1, 0
157L_JPG.rf.231a0574dd0305e00ebff6a51d532f04.jpg, 0, 1
179R_JPG.rf.231aecfdc63886311f7a02b5cdcd51ff.jpg, 0, 1
75L-118-_JPG.rf.22ab2097199ef8e21cdb0086e3b95e98.jpg, 1, 0
74L-40-_JPG.rf.23069dd3ea8d36f8e1c0fd7d344944de.jpg, 1, 0
74L-68-_JPG.rf.22cb3220d13b8bf5eb2df69b5eee7427.jpg, 1, 0
75L-1-_JPG.rf.239b180046ef5fa97bce6a32d55e264d.jpg, 1, 0
115L_JPG.rf.23668ed1db48c045e0460f18dc7664a0.jpg, 0, 1
74L-8-_JPG.rf.2332d9eea2927c310e7f4f7db7555367.jpg, 1, 0
74L-37-_JPG.rf.23b4fe2545f0ce635556c1135e512894.jpg, 1, 0
74L-99-_JPG.rf.242e392cb1fd6c642881ab84696b33bf.jpg, 1, 0
52R_JPG.rf.2423dabed5e96a5be9195b1cb2358906.jpg, 0, 1
44R_JPG.rf.26b147c71c2a4f48c76bcf938ba14250.jpg, 0, 1
173R_JPG.rf.24455367ce0527f289839840f7945531.jpg, 0, 1
75L-1-_JPG.rf.25483f50a7f6dd5d3cf7509cafb31a11.jpg, 1, 0
74L-49-_JPG.rf.265fab3e224163ce2b448b1965c0f2dd.jpg, 1, 0
87R_JPG.rf.27b6fac0f7ecc24ae665f8597163d25e.jpg, 0, 1
29R_JPG.rf.26d5630a6ebd3f803c75960370718bd8.jpg, 0, 1
74L-73-_JPG.rf.282142905644ea32ecaf43f8ea89ccd5.jpg, 1, 0
74L-47-_JPG.rf.27f4abf7be6e4e7555579e371fb997f6.jpg, 1, 0
15L_JPG.rf.25b5f3764114ae0ad47065f4e5beb009.jpg, 0, 1
74L-6-_JPG.rf.27894fe2ae50b918ced9dd52eddb5254.jpg, 1, 0
106R_JPG.rf.2b260d9ab96120c0a506677adf322035.jpg, 0, 1
74L-130-_JPG.rf.2822b52fafb04c4aab825efaa333d759.jpg, 1, 0
185L_JPG.rf.2b54814b144e2ebcd62c80c5b6a44b10.jpg, 0, 1
55R_JPG.rf.2a90b2e2d082c9b5edf3a188cc332379.jpg, 0, 1
74L-22-_JPG.rf.2bd3d765f96fe68a10a7dd2b37130eb2.jpg, 1, 0
74L-36-_JPG.rf.2ca8ae941908072b74567dbf418ee8d8.jpg, 1, 0
152R_JPG.rf.28c36374d2072da868bfb5482b6c29f8.jpg, 0, 1
74L-26-_JPG.rf.2bd69db907373b5d37c10fddcecd6251.jpg, 1, 0
74L-125-_JPG.rf.2d20cd2e0575bc7a2d32f1e6ce9ac3e1.jpg, 1, 0
74L-87-_JPG.rf.2cbf2dff3e851c61839d1da633399057.jpg, 1, 0
52L_JPG.rf.2d0ba610e2a9df303a7077360b882c23.jpg, 0, 1
74L-94-_JPG.rf.2de1398dc342c2dce93ffa65efcbd3da.jpg, 1, 0
74L-71-_JPG.rf.2e6651a1ab9ad19ab9744f22d0d4b5d1.jpg, 1, 0
146R_JPG.rf.2c0b0db3bd5fe2a1afcf2e4239a4fd53.jpg, 0, 1
74L-31-_JPG.rf.2e84b4591dfd7f59fd0165f31d178fee.jpg, 1, 0
75L-112-_JPG.rf.2d5fb302d7f446d2ebd2c3499e07eef8.jpg, 1, 0
74L-85-_JPG.rf.2bd40e689f3597298022971118c58826.jpg, 1, 0
74L-60-_JPG.rf.2d99fba83329787b08e4248f3547adcc.jpg, 1, 0
34L_JPG.rf.300c065e6eb2714ac5753661279a153c.jpg, 0, 1
51R_JPG.rf.30b868ec25083722fb681aeedcb11196.jpg, 0, 1
185R_JPG.rf.2f023156906915b1ca4dd2f0ecbb3040.jpg, 0, 1
74L-8-_JPG.rf.30b7810632d6df93e1087aa2e6689e2c.jpg, 1, 0
74L-61-_JPG.rf.2fa6116ea8b062b0f308fc55211f63db.jpg, 1, 0
40L_JPG.rf.31be0f0aed9b2c618ed9240fdcb2b1cc.jpg, 0, 1
187L_JPG.rf.300b408a045a785ea74275ce3e524869.jpg, 0, 1
87R_JPG.rf.30e547c92024c56dd0dfea1aa70a1749.jpg, 0, 1
184R_JPG.rf.3257e475c7c94caf9dc0a42433b0df9d.jpg, 0, 1
74L-136-_JPG.rf.3330728803bc68d390d5669ef4585c1c.jpg, 1, 0
180R_JPG.rf.320fbca28d8a9e04e80f8e5eefdb7fad.jpg, 0, 1
75L-1-_JPG.rf.318596290b7e39b72b1ce3d27463a43f.jpg, 1, 0
74L-92-_JPG.rf.32cd998612fe6941b9991b1ca313e11e.jpg, 1, 0
74L-41-_JPG.rf.3277b4a2c75c14f6fa79b88a394beecf.jpg, 1, 0
75L-110-_JPG.rf.33581350792e20533cc420f02b70ecb6.jpg, 1, 0
44R_JPG.rf.3366c2ea0cb70603ebc50a502c4c0566.jpg, 0, 1
74L-134-_JPG.rf.3525e4c9c5ff4fd1f9e50e34dacf032a.jpg, 1, 0
74L-22-_JPG.rf.33db61905ff7abf5bda3f1b92d2d3dbb.jpg, 1, 0
74L-90-_JPG.rf.33602f38df9483ba0ef3076a047e0222.jpg, 1, 0
51R_JPG.rf.33c0fc40bc8609115fb82b12e00da8a3.jpg, 0, 1
130R_JPG.rf.343709ede84150c5a0a7e4ccdbe86555.jpg, 0, 1
113L_JPG.rf.357c1f12708734a22650ddc8177af4d3.jpg, 0, 1
74L-94-_JPG.rf.37a4a93506cf00aa65200e8db2514cc5.jpg, 1, 0
105R_JPG.rf.386f03d3a0603795cc59aeae20b127e4.jpg, 0, 1
74L-82-_JPG.rf.367b782660f424b445bc07040dcc07b6.jpg, 1, 0
186R_JPG.rf.382bebc4c62e83b189955374a58a7ebc.jpg, 0, 1
96L_JPG.rf.33b71809af73f658365bf121e0bae388.jpg, 0, 1
74L-38-_JPG.rf.37f8899991975bf9b4fbd509c6553202.jpg, 1, 0
74L-88-_JPG.rf.35a3fc0995132f7321adf208f5fb441e.jpg, 1, 0
74L-23-_JPG.rf.39065a9cb2c190af440cd0a298c99624.jpg, 1, 0
74L-37-_JPG.rf.37baf65fb627e1d7bee0301bee3fc119.jpg, 1, 0
127R_JPG.rf.3a65d327fd2fea2d56ccaf2a578de714.jpg, 0, 1
179R_JPG.rf.38ae833df2eeef510dcd1e1a72943639.jpg, 0, 1
75L-121-_JPG.rf.3b12d3b62057d15e1eb48d09d6e937e6.jpg, 1, 0
97L_JPG.rf.390b363aae09d43ddc875e968a1fdb73.jpg, 0, 1
25R_JPG.rf.3b20a83952e38851c619e8febcf4a8c7.jpg, 0, 1
89R_jpg.rf.3abf814685ac6ea49b45d803d991475f.jpg, 0, 1
74L-4-_JPG.rf.3b2b7a5ba1ee67c416497621bc08201a.jpg, 1, 0
74L-78-_jpg.rf.3c757e35f1f12df5573f5dd498ac6244.jpg, 1, 0
25R_JPG.rf.3cf41b67dd686b6cbb212e956adab4b1.jpg, 0, 1
90R_JPG.rf.3d5011d54a6d2d2621295dddce183c0b.jpg, 0, 1
166R_JPG.rf.3d46da43f0343c6a6ab87f92af693477.jpg, 0, 1
119L_JPG.rf.3da08eb72294487b8ce1081dfa36a231.jpg, 0, 1
79L_JPG.rf.3e38cf700ea2168ec67ac64eab6893e1.jpg, 0, 1
165L_JPG.rf.3e02ee72b06548e987ccbe2a2b31fdb0.jpg, 0, 1
74L-81-_JPG.rf.3e5ccd6f112137b2014c81b74057f741.jpg, 1, 0
74L-53-_JPG.rf.3db775825703da43f8b08b8ad9277677.jpg, 1, 0
74L-71-_JPG.rf.3e984ed494dad152a18b037dacee8388.jpg, 1, 0
74L-63-_JPG.rf.3e8fe51c6dafa79f6852267cee105b4c.jpg, 1, 0
168L_JPG.rf.3ecffa82a4aadfc211f2bdef5e297b6b.jpg, 0, 1
74L-45-_JPG.rf.3f910ef742ef94584589f5f4b6b1cdd8.jpg, 1, 0
74L-36-_JPG.rf.3e4f7317abf2af861f3882ebebe3c761.jpg, 1, 0
29R_JPG.rf.3f53b0a9b9034a87e513d9a47716fca0.jpg, 0, 1
76R_JPG.rf.4387f780e5f85eaf3d29882af62a6d3b.jpg, 0, 1
173R_JPG.rf.3ff86fb696a5808c8dc510024ec99d2e.jpg, 0, 1
74L-5-_JPG.rf.4311f037ff4c3a2627bbab656ec5af33.jpg, 1, 0
74L-70-_JPG.rf.40b757a79ba74efdc7e3d792175934ad.jpg, 1, 0
74L-5-_JPG.rf.44eed6438578ea380cddbbe3022161f1.jpg, 1, 0
125L_JPG.rf.40b942064ee6920dd2cb49fc6cc7e87c.jpg, 0, 1
163L_JPG.rf.4407f7c371947703cc2174ad7821890c.jpg, 0, 1
108R_JPG.rf.45de1ab50ddbf8690fdf7becbba241ef.jpg, 0, 1
67R_JPG.rf.46237f6c0eb9f81a306eabcac50a1a17.jpg, 0, 1
106L_JPG.rf.45452d07e8e0da5445e00e3fda6ab0bc.jpg, 0, 1
74L-52-_JPG.rf.46cda8eb821431c305f57ccbf45a4fdf.jpg, 1, 0
74L-29-_JPG.rf.452b8278ea07cf58d7da7d615716f60c.jpg, 1, 0
74L-35-_JPG.rf.450eb31c67257375069c174b710b10d6.jpg, 1, 0
159L_JPG.rf.3f3372f37382219400a6de5dfa8ec4ff.jpg, 0, 1
61R_JPG.rf.4706c449b177d066fbc680f176fd6f7a.jpg, 0, 1
74L-50-_JPG.rf.465b74588c7052dba169ebb388240df3.jpg, 1, 0
74L-78-_jpg.rf.47d63b10e1b0dfa2f42b00e8ea25f680.jpg, 1, 0
74L-95-_JPG.rf.464293c1a5f205e3b3ea0123c2de1a75.jpg, 1, 0
74L-30-_JPG.rf.476b95b76331a137896a20a12bd97972.jpg, 1, 0
74L-58-_JPG.rf.472133b730e890312b1c54b935180999.jpg, 1, 0
11R_JPG.rf.46602ad640ced9ce9a7d1e2a633d0960.jpg, 0, 1
103L_JPG.rf.48dfba89d2fa9a9a8aacf7489985b93e.jpg, 0, 1
74L-85-_JPG.rf.48e5329d4d8fa5ccf66e871181938d75.jpg, 1, 0
74L-47-_JPG.rf.47db13568669d57b7ede7d1383dd192e.jpg, 1, 0
75L-116-_JPG.rf.47fcfb72b76fdd854ff08ff721fc3b7d.jpg, 1, 0
123L_JPG.rf.4a266be53813ec9e0d48cc50de1e7881.jpg, 0, 1
53R_JPG.rf.4c5bbeffb341d919c1233171ebf77740.jpg, 0, 1
74L-67-_JPG.rf.4cc0bc83905afbb59cfb7e6bca259f14.jpg, 1, 0
159L_JPG.rf.4d511f85edbe4088e5e8168670d39db4.jpg, 0, 1
74L-132-_JPG.rf.4c862e280376cb1d79d6612c9e9fd3ad.jpg, 1, 0
74L-83-_JPG.rf.4d5bc9f90c3dbdea40c8d11f23c06e43.jpg, 1, 0
165R_JPG.rf.4d4bb011c2821db0fed76c3464afc207.jpg, 0, 1
74L-6-_JPG.rf.4e5035660fde49bef05d5e16afd59508.jpg, 1, 0
74L-78-_jpg.rf.4e707825d3428294d23f24d946ef8721.jpg, 1, 0
74L-49-_JPG.rf.4dc2961220a8c3c8962fd8224890c0ea.jpg, 1, 0
133R_JPG.rf.4f305932fdbdce0964b8533baa2503dc.jpg, 0, 1
124R_JPG.rf.4e1934a9a396a2bb09ef8bbca540f8ea.jpg, 0, 1
74L-30-_JPG.rf.4ed8ef7bbe3b88278e98baacaec155c1.jpg, 1, 0
74L-137-_JPG.rf.4db9722d30196d8f3ef67b729acbc9e0.jpg, 1, 0
66R_JPG.rf.4f73ab00736f2c0405acf5484b40a46f.jpg, 0, 1
128L_JPG.rf.4fc142d8b46e1972b5dd235745ee8e63.jpg, 0, 1
72L_JPG.rf.500a9581e2536da5661cd399f5a80012.jpg, 0, 1
74L-136-_JPG.rf.507b850fc88429d1f55ecac8f73d2f24.jpg, 1, 0
53R_JPG.rf.503131159558fc2e2b9fb106938f177e.jpg, 0, 1
165L_JPG.rf.4e9902a979a9ce01a35950b14c6d7304.jpg, 0, 1
184L_JPG.rf.514d6f568576e26990e5ea19937087fb.jpg, 0, 1
74L-86-_JPG.rf.50a5b44b62ad365fe2cdba59a4b500e8.jpg, 1, 0
103L_JPG.rf.512cda0a604833517ef7858f08cfcec5.jpg, 0, 1
74L-83-_JPG.rf.5358bb370e0f3647993634a416258b83.jpg, 1, 0
74L-138-_JPG.rf.5019240609af774313bb4e2d36513dd3.jpg, 1, 0
141R_JPG.rf.52390236740d6a5df08d1e736f320d67.jpg, 0, 1
176L_JPG.rf.541094329c81524dfe7fc20bcb913303.jpg, 0, 1
151R_JPG.rf.5137323acd813327f03f3e7cd3ff54d3.jpg, 0, 1
75L-12-_JPG.rf.553d3849c5bb9e7c19414576913dafca.jpg, 1, 0
75L-103-_JPG.rf.54e987dae078baa6b7707aa1471d72f1.jpg, 1, 0
14R_JPG.rf.5602edbd177e1092c58497682e55bd3b.jpg, 0, 1
74L-23-_JPG.rf.52fec1c4873865ec4fe19d202aedb81b.jpg, 1, 0
74L-98-_JPG.rf.560693d01793883140ea96706c84a6e9.jpg, 1, 0
74L-73-_JPG.rf.5754994e315c1a55b4ca2a849ff24c8e.jpg, 1, 0
124R_JPG.rf.588d64f196fdff36b3c602fb3f8076d9.jpg, 0, 1
74L-39-_JPG.rf.56f8970315be1ea32a5530b9de00895d.jpg, 1, 0
157L_JPG.rf.578eb1d011309ae6c50c3051d2493253.jpg, 0, 1
149L_JPG.rf.5882659f09c62c373193424c4db88421.jpg, 0, 1
35R_JPG.rf.59db82c83b4f782f8a9f373b4847317e.jpg, 0, 1
74L-54-_JPG.rf.5943a977e7a413a1ab929520cc10f167.jpg, 1, 0
97L_JPG.rf.59fa0d4f18e23aa71e8c7572679865de.jpg, 0, 1
74L-43-_JPG.rf.5855054fa1df66bdb19ceeb7146bdcbd.jpg, 1, 0
74L-29-_JPG.rf.5bed7b09c8b26082c94cb588585bb0f2.jpg, 1, 0
74L-72-_JPG.rf.5be07435148659f9f546fbd897ddb124.jpg, 1, 0
74L-28-_JPG.rf.5aea317ae22a9fd5eb5a39d3aa199895.jpg, 1, 0
44R_JPG.rf.5a2cbd845d4b8aa6fa7ee2ff32f60c77.jpg, 0, 1
74L-13-_JPG.rf.5ae4db2dbc3fdc7243f53ab903249403.jpg, 1, 0
14R_JPG.rf.5bfe3f747bfadc072b5950d8f7e90ec2.jpg, 0, 1
147L_JPG.rf.5b134056882a155fa9f21105b0616830.jpg, 0, 1
74L-48-_JPG.rf.bd3c7abe792ffe8093dd259aabdc40ef.jpg, 1, 0
74L-95-_JPG.rf.be86b91535548795c82fa17425554c0e.jpg, 1, 0
179R_JPG.rf.c38d35df060115ee8bb0b188faf34e24.jpg, 0, 1
113L_JPG.rf.bfc85a4c93b96e35b51c2af495be064f.jpg, 0, 1
78R_JPG.rf.bb57bc2133d785563f546a920453e1e5.jpg, 0, 1
74L-26-_JPG.rf.c1657663f1ebfe80c3657c435056db4e.jpg, 1, 0
74L-51-_JPG.rf.c61afacd3f98be50473f48ae7a6910f5.jpg, 1, 0
74L-87-_JPG.rf.bda202798ce5f9a24f13b6e86732f712.jpg, 1, 0
74L-55-_JPG.rf.c6bd91be6c2a2aba6f3f20402779d95e.jpg, 1, 0
74L-48-_JPG.rf.bf9113765e5776d08828a31babff057b.jpg, 1, 0
75L-115-_JPG.rf.c07e4c8a5e22be06f33b553e69791e1f.jpg, 1, 1
79L_JPG.rf.bc7b767bc80f058f65a55acb6fb85b71.jpg, 0, 1
74L-136-_JPG.rf.bbc63677299199864e710521100a5fc6.jpg, 1, 0
40L_JPG.rf.be194d8fc074d1517761ca80ca1f69a9.jpg, 0, 1
74L-85-_JPG.rf.bb3a970bf1107445d150d987c46a23ab.jpg, 1, 0
74L-9-_JPG.rf.bc90d339903a9f8ebd14166975c3694b.jpg, 1, 0
183L_JPG.rf.c338c341eb43e41aa2b26ae0bc1149ac.jpg, 0, 1
120L_JPG.rf.c5f73424b0ad000f46fc044eaa026c93.jpg, 0, 1
82R_JPG.rf.bdfc5caad57a791c889e47c38b3918d7.jpg, 0, 1
96L_JPG.rf.bb67d18f504116cddc15f830a804ae00.jpg, 0, 1
74L-55-_JPG.rf.bf1ea5c6fa0eedfbc956057423b43fad.jpg, 1, 0
74L-47-_JPG.rf.c6dfffde12bd175c9ffb39f217c4be0f.jpg, 1, 0
34L_JPG.rf.beb497a7ddf339faa592f4a9cbe0b43c.jpg, 0, 1
187L_JPG.rf.c54c14b8215c4fa1063b3ac388c64b9c.jpg, 0, 1
74L-137-_JPG.rf.bc212aa23586f32e23e95717320d6227.jpg, 1, 0
76R_JPG.rf.c74c1a0cac3716a841e174d2ec9915d9.jpg, 0, 1
125L_JPG.rf.c7b1f595e57de35c975c5faa547d0a87.jpg, 0, 1
74L-28-_JPG.rf.c73311537480b3ec7fbb43e2a52c2c4e.jpg, 1, 0
74L-39-_JPG.rf.c7d2b0e1852952687c585dad05d19f9a.jpg, 1, 0
74L-22-_JPG.rf.c40b1aa2b1c21b3a2c41a5e2f21a1d75.jpg, 1, 0
8L_JPG.rf.c8da562b25e111988b7a21b542adb3d7.jpg, 0, 1
74L-130-_JPG.rf.c95b97acdaa250cbda52b29732fd76e4.jpg, 1, 0
75L-105-_JPG.rf.c798a32aebc2dfe903de0cc5ed3f7f61.jpg, 1, 0
83R_JPG.rf.c9d06a3446276f0ad216a025b8bcd3a4.jpg, 0, 1
61R_JPG.rf.cbb3f0cbb498ec3cafa6695cac83ce3e.jpg, 0, 1
75L-116-_JPG.rf.cafe0bf7cb3da7b079a83b1bf4d285c5.jpg, 1, 0
74L-79-_JPG.rf.cd2553b288df46ad152a9f42251e10e5.jpg, 1, 0
105R_JPG.rf.cc765012fbc3ab44377604639d703d33.jpg, 0, 1
48L_JPG.rf.cca03037090793219052e26b2259ec00.jpg, 0, 1
182R_JPG.rf.ce74f7ae37901f2614c9b2c60891f98a.jpg, 0, 1
99R_JPG.rf.ce9581d18fde0f6e82197a2098c6cc4d.jpg, 0, 1
74L-127-_JPG.rf.cea45d8d4b275f52ac9fd45878b844cf.jpg, 1, 0
120L_JPG.rf.cdf54d17238f7b3388483e8535199785.jpg, 0, 1
67L_JPG.rf.ce78c7ccb0e4e839e1ac806f0eb46deb.jpg, 0, 1
74L-137-_JPG.rf.d01532a2a411f9a9313a464b81bd86c1.jpg, 1, 0
75L-119-_JPG.rf.d026fea451d012efc23b95c8448bc9a0.jpg, 1, 0
74L-126-_JPG.rf.d0592f1cd0959ad71079e0935e897f98.jpg, 1, 0
50R_JPG.rf.cea82b962961116fae57bf81f7b3e48a.jpg, 0, 1
40R_JPG.rf.d1a693b08884c71d5dcb65a2d336d522.jpg, 0, 1
74L-19-_JPG.rf.d0dbe33f8ed688f66c26fc5a95d0d36c.jpg, 1, 0
127R_JPG.rf.d26409e7632db70d43722db91d758d36.jpg, 0, 1
74L-24-_JPG.rf.d0f97fcb30b9bfe835b69b5d87805edf.jpg, 1, 0
27L_JPG.rf.d35f526fe54e0b5083c52cbb34f64529.jpg, 0, 1
74L-33-_JPG.rf.d2e6b9a77eaf87e24ae02abfd0d43aec.jpg, 1, 0
74L-45-_JPG.rf.d28d615622a0a78190eef8efc6a3752e.jpg, 1, 0
74L-135-_JPG.rf.d3245d202b7f6caaaabe4f1d263cb38d.jpg, 1, 0
8L_JPG.rf.d3f335248bf04926935963fc7001c1a8.jpg, 0, 1
86L_JPG.rf.d3ad3e74ca2c8c56276b954c7950ae73.jpg, 0, 1
45R_JPG.rf.d43121d1a9b1e4a8fa59612869979561.jpg, 0, 1
74L-86-_JPG.rf.d4a4ca1ea889bf35185e21f7903f529c.jpg, 1, 0
97L_JPG.rf.d3cb398c37dda4047a54a880c15f3bff.jpg, 0, 1
74L-31-_JPG.rf.d45c4063ce36867b61b960276f9d4527.jpg, 1, 0
75L-112-_JPG.rf.d4b027995504e316b98a2ed8bb2cef54.jpg, 1, 0
74L-51-_JPG.rf.d5b1be41cf59b20eb457ae5ecf313bf9.jpg, 1, 0
36L_JPG.rf.d61efc66f19b01417db9b5a0e04b2460.jpg, 0, 1
36L_JPG.rf.d5b83f43d7fa6400c5a63ba784017a14.jpg, 0, 1
62R_JPG.rf.d7f62ebf7da387bdb6b1071809d483cd.jpg, 0, 1
61L_JPG.rf.d80d7a17ee73973d085c310e8def5c51.jpg, 0, 1
61R_JPG.rf.d856e22a656c69263a094366aad37bbc.jpg, 0, 1
74L-45-_JPG.rf.d661bb1b77b8ed65dc4ac2c5a55e6779.jpg, 1, 0
185R_JPG.rf.daf975110c8b0695ff38bf1ce0d9c91d.jpg, 0, 1
133R_JPG.rf.dabd60e2197696a985592ee79f3a2065.jpg, 0, 1
144R_JPG.rf.da76694bf6f62554c680deb8ffc91ef5.jpg, 0, 1
98R_JPG.rf.daa9925452c101362a79735eb5aefd71.jpg, 0, 1
127R_JPG.rf.db1ea95a539c71f9799fdb2b844e64e2.jpg, 0, 1
74L-25-_JPG.rf.dbcd58d1f4d37f6a6480e4b58625dce4.jpg, 1, 0
74L-76-_JPG.rf.db6676e1a3a5f5f446ce42f6ae26ac4b.jpg, 1, 0
74L-127-_JPG.rf.dc312d8a85f25c637aba9c9321ace8b7.jpg, 1, 0
29R_JPG.rf.dbe8a0b789cc1ef06ab926037c23409a.jpg, 0, 1
74L-52-_JPG.rf.da18c79731816ca059145047a0012492.jpg, 1, 0
75L-115-_JPG.rf.dc5907611f1cb6769e899a9b9a3986d3.jpg, 1, 1
42R_JPG.rf.dd7fa8d2f3ee750572d9c567c7f47782.jpg, 0, 1
27L_JPG.rf.ddcc57440b36a0314a8ff967a60a3e1e.jpg, 0, 1
167L_JPG.rf.e0e65e5f968cc9f50b1f0e3a798d2497.jpg, 0, 1
164L_JPG.rf.dfaab51411fb9bd1c06b81fc9b2f76bc.jpg, 0, 1
75L-119-_JPG.rf.deb97b450c5e622f43504223e41f9ade.jpg, 1, 0
75L-105-_JPG.rf.e16ce30ce4dfceb910fa0e56ee09531a.jpg, 1, 0
184R_JPG.rf.e24c84ff2e212288a072113978755fc9.jpg, 0, 1
158L_JPG.rf.e1dc3707bed855d80d3f513fa5f6518e.jpg, 0, 1
82R_JPG.rf.e0c1ad1dc21edbdb582c5bd221387f57.jpg, 0, 1
23L_JPG.rf.e3a070416c5b0b222e3668cf2605d9a3.jpg, 0, 1
74L-63-_JPG.rf.e270e60bb28084dfc2907d89f5feae68.jpg, 1, 0
184L_JPG.rf.e23526669818c0a9cd8827f7b6461a5e.jpg, 0, 1
155L_JPG.rf.e297e78019d6ab69033f0341172fd535.jpg, 0, 1
99R_JPG.rf.e3ff595b59a658f06cfa395c31bfc819.jpg, 0, 1
74L-66-_JPG.rf.e49f463458b22d6a1cfba5e3426f2947.jpg, 1, 0
125R_JPG.rf.e3a08d66d1e31255ea40dc99fae042be.jpg, 0, 1
74L-20-_JPG.rf.e4b334fbe03adbcc41fa7ccc65bc7769.jpg, 1, 0
74L-97-_JPG.rf.e50b74a639ff359637d840d3f0553796.jpg, 1, 0
155L_JPG.rf.e65d79a2f96aa30e37b4bf7b366734b5.jpg, 0, 1
74L-128-_JPG.rf.e94b8d32391446abc2b669c0c5c91f7d.jpg, 1, 0
74L-98-_JPG.rf.e5ac2aee1dd75ee186d0edd6237b33a0.jpg, 1, 0
87R_JPG.rf.e5e71b8a6020870dc1ff3696870301c0.jpg, 0, 1
74L-128-_JPG.rf.e91cef910b7cc6163673f0565e6fd014.jpg, 1, 0
158L_JPG.rf.e6239174e9c0126a48fe3761b2387d76.jpg, 0, 1
74L-29-_JPG.rf.e8380b7a8fa5e37a2e6ad92c9fd898ef.jpg, 1, 0
74L-126-_JPG.rf.e9d404c24ac9f08e9c711b20c902e19b.jpg, 1, 0
74L-72-_JPG.rf.e7f7720ce2c07b74bb85272ebdcdf0db.jpg, 1, 0
74L-32-_JPG.rf.ea72d3ee50abb38eaec1c14efc860415.jpg, 1, 0
74L-65-_jpg.rf.ebe1772c9131a1861926ed0d5dff2803.jpg, 1, 0
74L-58-_JPG.rf.ec3ecdd6d4fce7dc03791c1481a40b81.jpg, 1, 0
123L_JPG.rf.ec13d315176a75da49dc4937e644f644.jpg, 0, 1
165R_JPG.rf.eadbe57058f1e594e44bee721a393bf0.jpg, 0, 1
74L-90-_JPG.rf.ec2e19cdec3a31b5b178bd2ec7eae1b3.jpg, 1, 0
157R_JPG.rf.ed01e84fa6b00b0cd2ddc7b4d36bf00e.jpg, 0, 1
74L-97-_JPG.rf.ed49347bcda83070112a97afcb0a53fd.jpg, 1, 0
78R_JPG.rf.ecd98b4b6adcfb2bda0cfc0da3654891.jpg, 0, 1
74L-81-_JPG.rf.edada423fc6b489b35307f69120d375e.jpg, 1, 0
55R_JPG.rf.ee23cdf9f1c7486c48d5f96bc86cdd18.jpg, 0, 1
74L-138-_JPG.rf.ee2dbf776d28f1f5091e49b28233d9d5.jpg, 1, 0
80L_JPG.rf.eec78c8a446a7521fbf98cae8df5cad9.jpg, 0, 1
74L-81-_JPG.rf.edc6a3e699a23ce423504688f34b8570.jpg, 1, 0
8L_JPG.rf.ee8aef922500dc40fe0439bcb152fc8a.jpg, 0, 1
74L-129-_JPG.rf.ee4ebe80e1281aa0ec78700bbe6cdb4d.jpg, 1, 0
9R_JPG.rf.ef45ee61388cf580604def9f027b0f5c.jpg, 1, 1
128L_JPG.rf.f0657b68a1e7b80b8aa023be46a24f84.jpg, 0, 1
74L-17-_jpg.rf.f0f1b6ef8c64e7ff0b8eac79f1f2b6bc.jpg, 1, 0
183R_JPG.rf.ed27e3ca5475831db5f370c52b538532.jpg, 0, 1
106R_JPG.rf.f0effdfade07496351065ad32979bdc2.jpg, 0, 1
93R_JPG.rf.f08621b81c678995c8127acb47e1f4d1.jpg, 0, 1
75L-102-_JPG.rf.f05a159ff0079107ff355b74b9984246.jpg, 1, 0
74L-46-_JPG.rf.f1d12cb6359aa84d816f9ff16cd2f5b9.jpg, 1, 0
74L-44-_JPG.rf.e45b188e66d1d2d4b95e8f167036c15f.jpg, 1, 0
187R_JPG.rf.f1cca6eaf8f069550e4092a09323a1c1.jpg, 0, 1
74L-75-_JPG.rf.f1dcbcfef395ea512b9bbdaddf1bc79a.jpg, 1, 0
163L_JPG.rf.f1a6d1344b9407a3cdfad1951f643ce1.jpg, 0, 1
36R_JPG.rf.f27b3f689de118da97a0d305d091730e.jpg, 0, 1
74L-88-_JPG.rf.f3b32506d7b261e95ca76c1e3e447657.jpg, 1, 0
74L-70-_JPG.rf.f2c120a24ff4ec0a3f0cddf412160e8e.jpg, 1, 0
75L-110-_JPG.rf.f1ef89709ee2097cb1aeb2f47e6da994.jpg, 1, 0
75L-12-_JPG.rf.f3dfd691b754a41f64566a3120863759.jpg, 1, 0
86L_JPG.rf.f3ce523801edbe322af1bf6274f182ef.jpg, 0, 1
74L-52-_JPG.rf.f280207731b43644a1ba9e26df10f474.jpg, 1, 0
165L_JPG.rf.f5629edcd2ef795dd30fa532f95eb71b.jpg, 0, 1
74L-90-_JPG.rf.f5a71d2c7937ee706952c1824a88cf6e.jpg, 1, 0
75L-121-_JPG.rf.f5c4bd515b126bc1eae183d029a9980e.jpg, 1, 0
75L-124-_JPG.rf.f62a4450f7e776b697003fa9d9a8c648.jpg, 1, 0
74L-130-_JPG.rf.f60da31b62578b12122702887dffea2c.jpg, 1, 0
120L_JPG.rf.f59b936e5458e40dd85d1d392266a55b.jpg, 0, 1
151R_JPG.rf.f58936772a020b0952443bb194bd1783.jpg, 0, 1
74L-41-_JPG.rf.f5bbdf108a40274e68b845c78454fc3c.jpg, 1, 0
125L_JPG.rf.f67b2de561af387c17c22cc59ba5e4fe.jpg, 0, 1
74L-77-_JPG.rf.f52e40026c55b5d045af1e58b02bc22e.jpg, 1, 0
45R_JPG.rf.f80a2e2b97609e939222a7f41c6ef055.jpg, 0, 1
34R_JPG.rf.f908942d34022e223b0c5ea918844781.jpg, 0, 1
108R_JPG.rf.f78d12899c97fcceee181ba7623f790d.jpg, 0, 1
74L-57-_JPG.rf.f798991aed43c6f31501ea6ddd85eb4b.jpg, 1, 0
74L-5-_JPG.rf.f8a84499362d4d34b995a32a801d3819.jpg, 1, 0
67L_JPG.rf.f823cf80b236e6ab990c03a1c83b62df.jpg, 0, 1
74L-132-_JPG.rf.f8deacad8e50de1b6946e51eba9927f2.jpg, 1, 0
67R_JPG.rf.f952bccb5e481e760008b9b8836eabbc.jpg, 0, 1
82R_JPG.rf.f972a9c4925b3bfe6cace4991f160f64.jpg, 0, 1
74L-51-_JPG.rf.f9f0879361a52214f9e89a1d189fb788.jpg, 1, 0
183R_JPG.rf.fa0daaa262375f556dbd0150a84c0216.jpg, 0, 1
9R_JPG.rf.f94c73e46d8c61620301a8b616909f39.jpg, 1, 1
74L-17-_jpg.rf.fa3ed8012a4005681adeaa2062596c8f.jpg, 1, 0
74L-60-_JPG.rf.f96b0aaf3148750939fc87c903b2d657.jpg, 1, 0
74L-92-_JPG.rf.fa5804dc527357a7e5b140148df308f0.jpg, 1, 0
74L-87-_JPG.rf.fa3bd71d0e37c756cdcb36464020251a.jpg, 1, 0
10R_JPG.rf.fb321737a7842ee18d0a84cdf949be9c.jpg, 0, 1
171R_JPG.rf.fcd643d388290ae2d74d4d97bf5b8919.jpg, 0, 1
18L_JPG.rf.fa2a572138403522681eef65d30f561d.jpg, 0, 1
74L-46-_JPG.rf.fe79a2aff86f6bcd9131ebfcff3d0275.jpg, 1, 0
74L-80-_JPG.rf.fbad8c7389e74ad9c1cdf877c947ead2.jpg, 1, 0
74L-69-_JPG.rf.fe1975d69778cffc70974cbb16b7f2e9.jpg, 1, 1
35R_JPG.rf.fe56adb4eefbfe4fe380f97410930eec.jpg, 0, 1
149L_JPG.rf.fe3b0d96a8b6395745cbab6b188e6b3a.jpg, 0, 1
74L-24-_JPG.rf.fc9f9c789537fa928c4141d5227a351a.jpg, 1, 0
67R_JPG.rf.fea75035563d45d5272413818f711ffe.jpg, 0, 1
74L-72-_JPG.rf.fa4c6c9f3683a23684c042c3ff461cfe.jpg, 1, 0
74L-4-_JPG.rf.fef61a077ab25a9c0c8d09d669b10689.jpg, 1, 0
93R_JPG.rf.ff330460eeb49adc550e76ef194c0912.jpg, 0, 1
157L_JPG.rf.ffec618375a986b7e6266f049903aacd.jpg, 0, 1
66R_JPG.rf.5d90669f46805d39e9218f6a7209ea73.jpg, 0, 1
74L-15-_JPG.rf.64dba0ed0932a6531a6c32514639f4f9.jpg, 1, 0
180R_JPG.rf.637820ceda5d2725d359d21e35a3172a.jpg, 0, 1
74L-138-_JPG.rf.60732f468a55f5d03f2e494bb6b80876.jpg, 1, 0
171R_JPG.rf.61a2922ecbb5dc0effc07c2e652c94aa.jpg, 0, 1
18L_JPG.rf.5c8c6309f821b511bfe8ac616d8db267.jpg, 0, 1
123L_JPG.rf.5ef8d1348532c30e3245285e50eac796.jpg, 0, 1
75L-111-_JPG.rf.5c7109e5d23ced164fea491d13bf19ba.jpg, 1, 0
152R_JPG.rf.5cfc04753aa8bdba73a00a56d0eb8c59.jpg, 0, 1
183R_JPG.rf.5ec0440eca24652c3fdb21cef913a935.jpg, 0, 1
74L-83-_JPG.rf.644d5a7439fd632027c3e35a960adc6c.jpg, 1, 0
74L-79-_JPG.rf.6217d222774ca00954ddc5095447179f.jpg, 1, 0
78R_JPG.rf.64f072e3e1d93a225db3368d7042297b.jpg, 0, 1
74L-44-_JPG.rf.5f42258ba261fd5c1a31de6735491003.jpg, 1, 0
74L-68-_JPG.rf.60f51efdee1df67b788300af7ab00bed.jpg, 1, 0
74L-65-_jpg.rf.5e06295c264ba48d73ca7b3469b6a5a1.jpg, 1, 0
187L_JPG.rf.5c98c3648b9d553eb557aa87f31103be.jpg, 0, 1
75L-118-_JPG.rf.5db9bd6f89975d526ad9e99d6900af60.jpg, 1, 0
74L-31-_JPG.rf.5eb8d03e4e3178d3b1f19d5d46144486.jpg, 1, 0
74L-2-_JPG.rf.5ed4cf33c62c129633bc09fd5aacb1f0.jpg, 1, 0
122R_JPG.rf.64be8f6d382415f50e65704215f06ad7.jpg, 0, 1
74L-82-_JPG.rf.60017d816d99629aff4758a86193f63f.jpg, 1, 0
184L_JPG.rf.658c9666490c537e72bd03f18eb531bf.jpg, 0, 1
74L-80-_JPG.rf.660eca99d9aaf8311576af9b34e35cfe.jpg, 1, 0
83R_JPG.rf.63502f49472c119733b80c67d782fbb0.jpg, 0, 1
103L_JPG.rf.5e2c9f268c0965de16bd60bac278bf55.jpg, 0, 1
130R_JPG.rf.65ac7465db27b64acf20aa08a7650265.jpg, 0, 1
79L_JPG.rf.64f87c6762b67f316950515cfec03c75.jpg, 0, 1
90R_JPG.rf.6636435d3d738042d7d8c16f448b0bb8.jpg, 0, 1
74L-125-_JPG.rf.66ac3f535fbde4d66a1a28f72b98cfa1.jpg, 1, 0
74L-35-_JPG.rf.606d5408b5cf066ac77377755b84983d.jpg, 1, 0
52L_JPG.rf.669b74bd86d3be9ffca56973d8b92ca6.jpg, 0, 1
166R_JPG.rf.6741656af09f5ca604653edd5a434b8a.jpg, 0, 1
75L-110-_JPG.rf.6710ab1a60e00a3de465ce7be17ce44b.jpg, 1, 0
74L-14-_JPG.rf.673665fea3c6484015aea22b40a2603f.jpg, 1, 0
86L_JPG.rf.6769f66a83da4e7666f0f94b7a3d578d.jpg, 0, 1
74L-70-_JPG.rf.682f6023c62704cf60a8cc5981473148.jpg, 1, 0
74L-129-_JPG.rf.683a7af8b0ed250da1a5c11746f066a6.jpg, 1, 0
186R_JPG.rf.6ace88155e5272552237f15ab11ff591.jpg, 0, 1
185L_JPG.rf.6b869ca97f53f14d54edf91f80cb47eb.jpg, 0, 1
169R_JPG.rf.69c707977073a1657772795c1ef30df7.jpg, 0, 1
125R_JPG.rf.6bf875a2d4fec97ef4838c145b1d186f.jpg, 0, 1
74L-132-_JPG.rf.6d15f3893e89cf5b02028e820698306e.jpg, 1, 0
36L_JPG.rf.683264494b4b8787666cc3d9df558dd8.jpg, 0, 1
185L_JPG.rf.6b5f8268a09c13da87ebd305887e3682.jpg, 0, 1
74L-50-_JPG.rf.6e62082efcd1f32e8a5f7dc650d7ec7f.jpg, 1, 0
74L-48-_JPG.rf.6da979fb0c173501d001d25b657026f4.jpg, 1, 0
74L-19-_JPG.rf.6e321068b28ed8090e3c4144ff6c3bb4.jpg, 1, 0
74L-42-_JPG.rf.6e7e74e390875a0d81dd5efde6e2d6a0.jpg, 1, 0
74L-4-_JPG.rf.6f1f02e0f7125c746c0574be7b2ec853.jpg, 1, 0
74L-33-_JPG.rf.6fa103745968639ec68a5936e0444c98.jpg, 1, 0
75L-122-_JPG.rf.6f48c52d32e5016cdb892928b512eb12.jpg, 1, 0
74L-126-_JPG.rf.6e92a838049fe22c4ee66f7b3bb8ab29.jpg, 1, 0
158L_JPG.rf.6fde024d36d32566c05a5ea7d7bc0db1.jpg, 0, 1
74L-95-_JPG.rf.70d2a09d96b8707a9ecdb5d123dd99ff.jpg, 1, 0
115L_JPG.rf.702f55843fe48cf39d392eae44eabbc4.jpg, 0, 1
74L-99-_JPG.rf.701ef2900bc468ded61a695b3891c83c.jpg, 1, 0
74L-16-_JPG.rf.7126a9da1cf8a5ad24a8615c60a50828.jpg, 1, 0
74L-18-_JPG.rf.712319bd61ca685893ebd499ce214b27.jpg, 1, 0
15L_JPG.rf.71f0f61c432875566083050534117e01.jpg, 0, 1
137R_JPG.rf.7200968f1165995e309d5845f34fd3c6.jpg, 0, 1
125R_JPG.rf.72120631c8fecb68cd83125f5d669154.jpg, 0, 1
107R_JPG.rf.72a7645cf4abbc41ee1387502b4af5a6.jpg, 0, 1
75L-10-_JPG.rf.72b92cb02d21d7c4ddb8dd5827cfaaa7.jpg, 1, 0
186R_JPG.rf.73e0f0e649829d181c2fdf75bbf3eb3a.jpg, 0, 1
74L-50-_JPG.rf.740088bf9b9505dece198c528d3409be.jpg, 1, 0
119L_JPG.rf.721d307dcaab437b43485111db823c04.jpg, 0, 1
42R_JPG.rf.7372fad65992221c56a4fb98d2e949e7.jpg, 0, 1
74L-63-_JPG.rf.74229754777aa83b27153b8819bea29a.jpg, 1, 0
149L_JPG.rf.75ad7366024c3b404ae28848f255ecea.jpg, 0, 1
74L-61-_JPG.rf.743cb56b242ac8ae2027ddf919b89c3b.jpg, 1, 0
74L-27-_JPG.rf.75d2613f66f8ef4cda628531ab0c586e.jpg, 1, 0
74L-66-_JPG.rf.749c4a6adb05b9ddf2139dc52778c25d.jpg, 1, 0
74L-135-_JPG.rf.771cd52e4b5bee4aeaec244b29072756.jpg, 1, 0
45R_JPG.rf.775b52685e485b8b32545893b4468468.jpg, 0, 1
74L-49-_JPG.rf.77ad318e19dc1931d3d78da5597f0712.jpg, 1, 0
74L-36-_JPG.rf.77cedc907590ea0dbbf6807bd7bd1b92.jpg, 1, 0
52L_JPG.rf.773956efafb03ac6aec33fed25703df5.jpg, 0, 1
36R_JPG.rf.7751b8199acb41c70e78168cff54c98f.jpg, 0, 1
103R_JPG.rf.7776b4bddd29a95db2bf3a2ed20784da.jpg, 0, 1
75L-122-_JPG.rf.777c74ca4f08f65b475117e0317eb039.jpg, 1, 0
74L-68-_JPG.rf.788aa35d782a821e91d57aeda56db731.jpg, 1, 0
74L-14-_JPG.rf.788509fe983fd277981d52f114067d07.jpg, 1, 0
163L_JPG.rf.7a19fbe68a4bb6030bcf46dd73e9bd2f.jpg, 0, 1
96L_JPG.rf.7982266b2b69f08ec55086ea23bd64d9.jpg, 0, 1
74L-43-_JPG.rf.7849f21247263900f77a8f3a2f91fd1d.jpg, 1, 0
74L-8-_JPG.rf.78696e0028b8db6f31ecf61588c9a5f1.jpg, 1, 0
74L-60-_JPG.rf.7a93ca5160341fb533d61df31f036e6c.jpg, 1, 0
48L_JPG.rf.7a4e445f5b0c073d6ec839e54fcf3198.jpg, 0, 1
40R_JPG.rf.78e2d05c5dd5983b4d7732c4e218064e.jpg, 0, 1
183L_JPG.rf.7a45c488d8357cb13aac9c86690d2048.jpg, 0, 1
62R_JPG.rf.7affee70dce6395a6d47c34da8e0abe5.jpg, 0, 1
75L-102-_JPG.rf.7a03a602a8cadf775277580da6011f1b.jpg, 1, 0
74L-39-_JPG.rf.7b42ad98282bb20856f59a7f9ba6eab2.jpg, 1, 0
83R_JPG.rf.7bde728fc0c149e9a79aae5f59950013.jpg, 0, 1
144R_JPG.rf.7b545e1997eef648e19d39236fdb96b7.jpg, 0, 1
106L_JPG.rf.7b157cffe0183aa934687e3326de38f4.jpg, 0, 1
152R_JPG.rf.7bf6a194e527c66f7234821876c641d4.jpg, 0, 1
146R_JPG.rf.7ce49f97b56348af36330591ad3830ec.jpg, 0, 1
10R_JPG.rf.7c1d524d70499075a171b69fc108b738.jpg, 0, 1
185R_JPG.rf.7ca58512164822262c034548afc23f80.jpg, 0, 1
15L_JPG.rf.7d3032edeedf117501e93281f5617631.jpg, 0, 1
74L-131-_JPG.rf.7d8f4ea700cfafcf79bf4a5dd28006da.jpg, 1, 0
90R_JPG.rf.7dff74c8d9c7f72a92603837598e0929.jpg, 0, 1
189L_JPG.rf.7f1e651eec50809d13a6735941cc474f.jpg, 0, 1
74L-128-_JPG.rf.7cf06f0664c7a7886348af51eafc5f5c.jpg, 1, 0
74L-97-_JPG.rf.7f2f66143e9750edeed753c13a708a43.jpg, 1, 0
42R_JPG.rf.7fdb3f75c69d447b9baed0626f6a29cf.jpg, 0, 1
74L-77-_JPG.rf.7fd14cba194cd71f51a4af2a5948babc.jpg, 1, 0
74L-32-_JPG.rf.7f459d51129dbc0bdf9febd115370a2b.jpg, 1, 0
181R_JPG.rf.7fa7b5a09244143e4d029cfd2fa91452.jpg, 0, 1
75L-116-_JPG.rf.7fff493a80a2107c798a1f2d6abdb284.jpg, 1, 0
74L-41-_JPG.rf.80423b7e3e83a2125828e558d70829e0.jpg, 1, 0
74L-37-_JPG.rf.7fb1f330996fa0ebdc2842c6a6b5f511.jpg, 1, 0
74L-15-_JPG.rf.7f359bc365f28cdec27ff5bed5976fd8.jpg, 1, 0
124R_JPG.rf.80c48b38cea627ed68b221609fcc5b4c.jpg, 0, 1
74L-84-_JPG.rf.80ada091c29b85986e74e6ed500246c4.jpg, 1, 0
74L-34-_JPG.rf.81a75b80d6701ad7ddd9e7b34bf96a11.jpg, 1, 0
74L-76-_JPG.rf.82c753cc38669778a16417f29fa96326.jpg, 1, 0
74L-94-_JPG.rf.8137359848ff585c87ce52eac37d8998.jpg, 1, 0
74L-14-_JPG.rf.82e8c367b78e3275e904449d0a3c7882.jpg, 1, 0
74L-16-_JPG.rf.84008d730afd09d28029cd3ca226345a.jpg, 1, 0
74L-131-_JPG.rf.840374b4c7208cc929ff66d3f10666ba.jpg, 1, 0
74L-18-_JPG.rf.84bf6dbaae6d84c13717f9dfd4318444.jpg, 1, 0
74L-40-_JPG.rf.85c61d883173b04934fa32f7c91b30e8.jpg, 1, 0
108R_JPG.rf.85629188bb22b573d169b846242d89c0.jpg, 0, 1
53R_JPG.rf.85be067f6f735508ddf8a89c3a694a4f.jpg, 0, 1
74L-54-_JPG.rf.80ab2f06afb7c41075ac269a8e1b923b.jpg, 1, 0
75L-10-_JPG.rf.8941bdba49c7f1eab53530ce0a2af0fc.jpg, 1, 0
74L-79-_JPG.rf.87b58f99d08c74a8d1762ea833face8b.jpg, 1, 0
72L_JPG.rf.83d95a3ce4bdcc60b004f23755f174f9.jpg, 0, 1
76R_JPG.rf.875670cf68678882b0e0ba234a78bd8d.jpg, 0, 1
180R_JPG.rf.898c8b5e0097f4c0079fc83db3cc5d34.jpg, 0, 1
74L-88-_JPG.rf.8a26ff6729f9eb6d5ef5336906fabc1f.jpg, 1, 0
141R_JPG.rf.899d67640d73f45d4041d9f7e5fc5372.jpg, 0, 1
103R_JPG.rf.86378cced16cdd7122199d692ebf5b54.jpg, 0, 1
166R_JPG.rf.8a6edba1028f9093f3c39f598ee93131.jpg, 0, 1
74L-91-_JPG.rf.8aa0a175f9a28d5729b96f08f0f6fcba.jpg, 1, 0
74L-13-_JPG.rf.89f40cc11e0c3f3673ce376c83e0b3c9.jpg, 1, 0
74L-42-_JPG.rf.8e9d4d31f541dc9e02f546029d0ca8a5.jpg, 1, 0
74L-77-_JPG.rf.8bbf3e4897bc1bf1d23f97660910a55c.jpg, 1, 0
74L-2-_JPG.rf.8ddb2744dfc26f089d11d1f9a7c3d675.jpg, 1, 0
107R_JPG.rf.8cae0bd95b051db6993ef0d4e9ca7513.jpg, 0, 1
74L-133-_JPG.rf.902586c6180943ae54680c1eebcb18ce.jpg, 1, 0
147L_JPG.rf.8f8b46c02cbcd4f975c6d374471af503.jpg, 0, 1
74L-38-_JPG.rf.8e87f1e7ad02d427b78e1c42dac816d9.jpg, 1, 0
74L-69-_JPG.rf.8feafc5fe801e3b8bb3917276c14a9ee.jpg, 1, 1
74L-91-_JPG.rf.8cec97d0e13e6dcc27e3b9a7891608b0.jpg, 1, 0
137R_JPG.rf.90138078e8f73a838b11a15e6e8271c8.jpg, 0, 1
74L-54-_JPG.rf.90ee86cfd2ad807c75ebc1ecb8e21e8a.jpg, 1, 0
11R_JPG.rf.91bd3af4286ed80d95e86179287fe385.jpg, 0, 1
137R_JPG.rf.912075798c0665a1b8fc01224ed0a083.jpg, 0, 1
75L-113-_JPG.rf.92a066ea1be444413a2341f54878855f.jpg, 1, 0
181R_JPG.rf.939aed410310b4912e24b0becb891105.jpg, 0, 1
74L-24-_JPG.rf.93d61781512153d30911c0f49b5da16a.jpg, 1, 0
74L-58-_JPG.rf.936b432d730a07e9abd4ce918b39537a.jpg, 1, 0
173R_JPG.rf.969c7bdb27b674d673d8b9b9820aa53d.jpg, 0, 1
80L_JPG.rf.937f7b3741df8d02de3ed66a600c7d46.jpg, 0, 1
168L_JPG.rf.937a205a58faa13be35349191cb2618f.jpg, 0, 1
165R_JPG.rf.90ae310da828a2f7f14a15e61534caca.jpg, 0, 1
75L-102-_JPG.rf.947b35655e5e8b062a554d2c487c9718.jpg, 1, 0
18L_JPG.rf.95741393875d45e1a361d1dc4f33bc2a.jpg, 0, 1
74L-20-_JPG.rf.92f07e8fb536cadc0e22f997f363da99.jpg, 1, 0
159L_JPG.rf.96ae8be7868cc24c0c21ed18baacfa87.jpg, 0, 1
130R_JPG.rf.98b90abb0a45d1ff7b99ed6911a52d34.jpg, 0, 1
14R_JPG.rf.997aabad26f02d8c274862bfdadc943b.jpg, 0, 1
74L-23-_JPG.rf.9a3ac173ca398cacad0945e3e8cf25a5.jpg, 1, 0
50R_JPG.rf.91cc09fb64d5cebf85b4b97b0ebbf92a.jpg, 0, 1
74L-67-_JPG.rf.98cfecf05f53a34479e50e9836461627.jpg, 1, 0
189L_JPG.rf.9a50bf813752031143fdaf512e7daa8d.jpg, 0, 1
75L-105-_JPG.rf.9ab0433829e782b8a4a9f7e12217ca5b.jpg, 1, 0
62R_JPG.rf.9b59f647851474097ede5cd75dd412b9.jpg, 0, 1
50R_JPG.rf.9b503acc10170b581ba55e3cdeb1162a.jpg, 0, 1
74L-99-_JPG.rf.9c08bf84d74a43aedd860e840f78e217.jpg, 1, 0
74L-96-_JPG.rf.9b6faa77da3b99838c395c50a8d83228.jpg, 1, 0
74L-25-_JPG.rf.9c91d9453119edb1e85797c9aa4cc6ba.jpg, 1, 0
75L-112-_JPG.rf.9c5755243bc92eb84ca8e77bf157ed4d.jpg, 1, 0
74L-65-_jpg.rf.9d51f66f25b4948f2d797a91a8cde5e8.jpg, 1, 0
74L-34-_JPG.rf.9d9b619e8c4b02b47f459253dbb42239.jpg, 1, 0
188R_JPG.rf.9a47ff9c406d67c356c8ee8b65356fcc.jpg, 0, 1
167L_JPG.rf.9e7ce068c102dfd908221c6e6cc5828f.jpg, 0, 1
40R_JPG.rf.9f9b4b8c12296ed92ded25c56c100b12.jpg, 0, 1
74L-96-_JPG.rf.9ee20c311ad833494392343df7e0bbbb.jpg, 1, 0
75L-10-_JPG.rf.a307c68d2f6795caa11a6ded3a1dca68.jpg, 1, 0
176L_JPG.rf.9e31c72b2d7f29d40edf2d4825a9852f.jpg, 0, 1
74L-134-_JPG.rf.a1891f39f8ee149888719d5f88e7d2c8.jpg, 1, 0
147L_JPG.rf.a18a783739d551af8aae2bb3f5c451de.jpg, 0, 1
52R_JPG.rf.a33f92cee1eb2bc8f84dd49365fa490e.jpg, 0, 1
40L_JPG.rf.a35ee5aa122da4e5794cf34020173855.jpg, 0, 1
34L_JPG.rf.a59daae7cd0e8ee546604e3055f02f21.jpg, 0, 1
74L-42-_JPG.rf.a5bb988317a54785d7627cf4bb164e0d.jpg, 1, 0
122R_JPG.rf.a608f0ff47ba8f7e93f514e8f7aa489c.jpg, 0, 1
74L-20-_JPG.rf.a4f6e2aace303157c9665043dc5f368e.jpg, 1, 0
98R_JPG.rf.a69278ca52dd443cb76f4a6147b93208.jpg, 0, 1
67L_JPG.rf.a68a7df4e0a8b73eb2f9e572b18a2cf0.jpg, 0, 1
103R_JPG.rf.a695804ffd70347fba6c310c75215b3c.jpg, 0, 1
146R_JPG.rf.a87c97aef3d12980f9c6ff7c7a3986b5.jpg, 0, 1
74L-129-_JPG.rf.a7917e921c32dc3ca72f06d49393ac49.jpg, 1, 0
188R_JPG.rf.a81b2077b679f6828530b7e2d79b692b.jpg, 0, 1
171R_JPG.rf.a8f78e5686680b0456dbb06c7e2888e1.jpg, 0, 1
74L-53-_JPG.rf.a88f7b79ed7e82c07e0e3d5e0a04df49.jpg, 1, 0
183L_JPG.rf.a9683351b529778d54ac8bd70f229539.jpg, 0, 1
74L-38-_JPG.rf.a5d8561b47c247c093879ec9ce646dd2.jpg, 1, 0
80L_JPG.rf.a9371108f1a2f3d89262d652f673b529.jpg, 0, 1
74L-66-_JPG.rf.a5c9263dc43dddc877e770a736792e5e.jpg, 1, 0
89R_jpg.rf.ab2084f99ed7c5d6e8a7959e1b6914f4.jpg, 0, 1
74L-40-_JPG.rf.a9e816bfca56382910c084171e264b65.jpg, 1, 0
75L-103-_JPG.rf.ab8753be0b914f69075070afe093cb9b.jpg, 1, 0
74L-96-_JPG.rf.abe7200c7211a72837b2d5031f9db647.jpg, 1, 0
74L-26-_JPG.rf.a9f4bff91316f88c17bda4aad2377145.jpg, 1, 0
74L-134-_JPG.rf.aac1a46a50e24e6a4da164b3a50489bb.jpg, 1, 0
74L-61-_JPG.rf.ac56691838b7d925853403264d948c46.jpg, 1, 0
157R_JPG.rf.ac639bb7de88852849fdb51cfaeb50bb.jpg, 0, 1
75L-111-_JPG.rf.abe8dbe186438a352e0208ad983412ec.jpg, 1, 0
176L_JPG.rf.ac2f8ad08a3e9a3579bf08d6f4eb20a4.jpg, 0, 1
36R_JPG.rf.ad5056242317c793e47ee469ebabd799.jpg, 0, 1
74L-71-_JPG.rf.add5c19b0ceac8f4994fb7a73da64c5a.jpg, 1, 0
23L_JPG.rf.ae0df93f5ca414d7c4d38f52c5489d41.jpg, 0, 1
74L-92-_JPG.rf.ad9a0fb9617e5a8914af0c01f733d039.jpg, 1, 0
188R_JPG.rf.ae8eb88a634c178d4c20382c152c0885.jpg, 0, 1
74L-17-_jpg.rf.ac4c1ce91a3a0c4f99416c0775f3cb5f.jpg, 1, 0
106R_JPG.rf.aee1becdbefc2b7a1a8ad618a87aa5e2.jpg, 0, 1
74L-43-_JPG.rf.b018c1773bf46ab08b7a4e948b65266e.jpg, 1, 0
74L-57-_JPG.rf.b0bc3a71dab43d3ecd2671f39217fd14.jpg, 1, 0
61L_JPG.rf.af5b36af75973094c53db14cf4834e4c.jpg, 0, 1
10R_JPG.rf.b1bcff6abe51c111889d828c5c9075a8.jpg, 0, 1
74L-15-_JPG.rf.b446027645ff19dcc7fd493080d7a3fe.jpg, 1, 0
74L-84-_JPG.rf.b1c1837b83bf9989b994e03aebb1b11d.jpg, 1, 0
189L_JPG.rf.b41f95e631d6956290d7dcac6bee5908.jpg, 0, 1
74L-25-_JPG.rf.b3dc595e4eb202ed15f64404327cee49.jpg, 1, 0
74L-53-_JPG.rf.b24ac3593f239973cc4dea7a4c79902a.jpg, 1, 0
98R_JPG.rf.b093fff236102a6bc01203891b9233d0.jpg, 0, 1
74L-133-_JPG.rf.b570f0993c90d79d27915fdab54ebe10.jpg, 1, 0
75L-118-_JPG.rf.b5eb865e362c6298637c43e22d3382b1.jpg, 1, 0
9R_JPG.rf.b5829c2af553ec23261cf940dafbda5a.jpg, 1, 1
74L-133-_JPG.rf.b02638b26e96aa0efec074b36389da80.jpg, 1, 0
182R_JPG.rf.b70fed6b75703cc72e0c689259042135.jpg, 0, 1
74L-67-_JPG.rf.b465fc578ec7c17b4bb15ebf8e1a69e4.jpg, 1, 0
164L_JPG.rf.b8c7928bee0095cf97426002c96e4254.jpg, 0, 1
74L-18-_JPG.rf.b62f3921e1a14250a9284380e317d9d6.jpg, 1, 0
119L_JPG.rf.b92d25790e79a3ad3b4668de32a3408a.jpg, 0, 1
34R_JPG.rf.b6fca3d605d1a6b82b9adc3a215e8d90.jpg, 0, 1
89R_jpg.rf.b6dea334b69642d7c38812099e47a13c.jpg, 0, 1
187R_JPG.rf.b8d034f4bf6a07abc15cd1285a235020.jpg, 0, 1
75L-12-_JPG.rf.ba6562d92874f7f9ba8fe10c20d802ab.jpg, 1, 0
74L-30-_JPG.rf.b8ee86031569135d3c6a45eb7b7124e2.jpg, 1, 0
169R_JPG.rf.b9465e2d12aa3a558609b4b7fa9ca4c2.jpg, 0, 1
75L-115-_JPG.rf.b95ef65283bd6e2de6fa11fa48251191.jpg, 1, 1
74L-46-_JPG.rf.bb11b4a203aaf5e3006cbf062bd8082c.jpg, 1, 0
66R_JPG.rf.b9ed79b3bbaa4fe3ed33244b15f92a93.jpg, 0, 1